EL (deg);8.64;8.64;8.64;8.64;8.64;8.64;8.64;8.64;8.64;8.64;8.64;8.64;8.64;8.64;8.64;8.64;0;0;0;0;0;0;0;0;0;0;0;0;0;0;0;0;0;-8.69;-8.69;-8.69;-8.69;-8.69;-8.69;-8.69;-8.69;-8.69;-8.69;-8.69;-8.69;-8.69;-8.69;-8.69;-8.69;-17.36;-17.36;-17.36;-17.36;-17.36;-17.36;-17.36;-17.36;-17.36;-17.36;-17.36;-17.36;-17.36;-17.36;-17.36;-17.36;-17.36
AZ (deg);75;65;55;45;35;25;15;5;-5;-15;-25;-35;-45;-55;-65;-75;-80;-70;-60;-50;-40;-30;-20;-10;0;10;20;30;40;50;60;70;80;75;65;55;45;35;25;15;5;-5;-15;-25;-35;-45;-55;-65;-75;-80;-70;-60;-50;-40;-30;-20;-10;0;10;20;30;40;50;60;70;80
f (GHz);trans (dB);trans (dB);trans (dB);trans (dB);trans (dB);trans (dB);trans (dB);trans (dB);trans (dB);trans (dB);trans (dB);trans (dB);trans (dB);trans (dB);trans (dB);trans (dB);trans (dB);trans (dB);trans (dB);trans (dB);trans (dB);trans (dB);trans (dB);trans (dB);trans (dB);trans (dB);trans (dB);trans (dB);trans (dB);trans (dB);trans (dB);trans (dB);trans (dB);trans (dB);trans (dB);trans (dB);trans (dB);trans (dB);trans (dB);trans (dB);trans (dB);trans (dB);trans (dB);trans (dB);trans (dB);trans (dB);trans (dB);trans (dB);trans (dB);trans (dB);trans (dB);trans (dB);trans (dB);trans (dB);trans (dB);trans (dB);trans (dB);trans (dB);trans (dB);trans (dB);trans (dB);trans (dB);trans (dB);trans (dB);trans (dB);trans (dB)
55;-119.37;-108.02;-112.31;-107.24;-114.92;-100.3;-94.18;-88.6;-84.86;-94.79;-109.5;-103.61;-106.44;-120.2;-109.54;-113.79;-118.92;-107.8;-108.26;-102.13;-104.95;-95.82;-90.85;-86.62;-78.92;-88.79;-96.03;-96.74;-99.36;-111.52;-103.21;-109.55;-115.18;-110.67;-103.57;-109.14;-101.16;-110.09;-100.12;-94.4;-90.71;-86.32;-97.06;-107.21;-102.16;-99.23;-132.93;-104.01;-109.73;-117.29;-105.53;-108.15;-109.03;-114.14;-108.25;-109.72;-103.73;-96.25;-104.36;-110.06;-106.66;-107.21;-126.48;-102.49;-108.76;-112.74
55.1;-128.62;-109.81;-110.5;-108.43;-120.32;-103.04;-95.42;-91.94;-87.3;-96.71;-107.1;-107.63;-108.83;-124.58;-108.82;-111.51;-119.74;-110.97;-110.93;-104.61;-107.34;-97.91;-94.19;-89.11;-83.13;-90.69;-99.97;-99.05;-101.69;-111.14;-106.62;-113.33;-115.14;-113.48;-105.55;-108.32;-105.42;-112.26;-102.55;-97.27;-93.58;-88.92;-97.09;-110.29;-103.33;-102.17;-124.26;-105.46;-113.67;-115.79;-105.52;-108.44;-111;-119.02;-109.61;-112.25;-108.07;-99.05;-108.37;-115;-109.67;-110.46;-128.16;-105.9;-112.95;-114.95
55.2;-124.23;-112.29;-114.54;-110.95;-119.89;-105.5;-97.3;-93.23;-91.68;-100.25;-112.77;-109.27;-110.52;-124.43;-115.27;-130.53;-117.95;-111.21;-110.41;-108.9;-108.44;-100.75;-95.99;-91.42;-83.87;-93.32;-101.91;-101.83;-103.46;-116.48;-108.57;-114.85;-118.04;-117.99;-107.22;-111.36;-108.06;-112.01;-104.82;-98.79;-94.73;-90.51;-98.7;-110.8;-105.5;-103.87;-125.6;-107.6;-113.7;-119.39;-108.61;-109.99;-113.02;-117.96;-113.71;-112.89;-108.31;-100.08;-108.41;-114.3;-111.36;-111.44;-120.85;-105.52;-112.47;-115.12
55.3;-124.9;-112.8;-114.06;-111.63;-116.14;-103.55;-97.73;-93.02;-88.18;-95.56;-104.91;-108.13;-110.94;-121.42;-110.14;-118.92;-129.54;-114.54;-109.38;-107.95;-109.28;-99.02;-95.45;-89.43;-84.6;-91.83;-101.78;-101.22;-103.39;-120.47;-104.97;-110.97;-117.01;-122.9;-106.17;-108.04;-107.32;-113.33;-104.09;-98.87;-94.37;-91.35;-98.29;-109.02;-107.45;-105.65;-119.16;-106.53;-114;-118.32;-108.27;-109;-112.7;-118.63;-111.41;-108.75;-107.73;-101.38;-108.42;-114.39;-111.92;-111.75;-121.21;-105.53;-111.64;-113.67
55.4;-126.47;-111.4;-113.14;-111.04;-115.3;-104.23;-96.67;-91.29;-87.58;-97.14;-106.31;-109.16;-109.42;-119.72;-112.17;-118.75;-120;-111.29;-108.55;-107.44;-105.9;-97.96;-94;-89.26;-82.18;-90.28;-99.62;-100.1;-104.44;-112.37;-106.72;-113.64;-117.21;-132.26;-106.42;-105.19;-106.59;-111.06;-103.48;-98.03;-93.43;-90.12;-96.09;-107.27;-105.71;-102.73;-116.72;-104.66;-112.9;-119.26;-106.75;-107.1;-111.33;-116.05;-112.41;-108.82;-106.43;-99.08;-108.31;-112.4;-111.04;-112.12;-115.54;-105.17;-109.59;-115.71
55.5;-121.91;-106.62;-110.01;-108.86;-113.95;-100.84;-94.93;-89.97;-85.99;-93.7;-104.13;-104.21;-104.54;-120.63;-107.34;-113.24;-114.82;-107.88;-105.53;-105.58;-104.73;-95.15;-91.6;-86.96;-82.52;-88.73;-99.42;-97.07;-99.14;-125.29;-102.46;-112.84;-112.8;-126.44;-102.7;-103.98;-104.73;-110.58;-100.36;-95.77;-91.22;-86.79;-94.21;-105.79;-104.86;-101.49;-112.93;-101.68;-110.53;-116.96;-105.57;-105.28;-109.45;-112.17;-108.24;-105.54;-103.72;-97.99;-106.52;-110.75;-108.6;-110.13;-114.53;-102.28;-107.82;-111.46
55.6;-123.12;-109.76;-106.71;-105.29;-109.58;-97.08;-92.28;-88.13;-84.19;-91.9;-103.04;-107.08;-103.63;-118.84;-108.68;-115.62;-117.58;-104.25;-101.81;-103.94;-102.15;-93.15;-88.14;-84.74;-76.92;-85.85;-96.79;-95.02;-95.97;-120.79;-99.73;-107.62;-114.1;-113.05;-101.11;-98.7;-102.96;-108.34;-97.76;-93.24;-88.4;-83.95;-88.98;-99.47;-103.67;-97.77;-109.39;-99.35;-109.64;-110.1;-101.71;-101.46;-107.55;-110.38;-104.12;-101.23;-98.66;-94.51;-101.49;-106.51;-107.81;-106.22;-112.29;-100.54;-102.44;-110.53
55.7;-110.98;-100.74;-100.87;-99.34;-103.18;-93.08;-87.27;-81.57;-78.61;-85.32;-95.09;-100.71;-100.33;-109.38;-101.54;-106.44;-106.66;-101.98;-97.69;-99.1;-98.41;-88.22;-83.8;-78.47;-74.84;-81.49;-89.41;-90.45;-93.95;-108.67;-97.7;-104.34;-109.11;-111.64;-97.01;-95.79;-95.84;-102.01;-91.74;-87.43;-83.23;-81.1;-86.22;-96.48;-100.16;-94.28;-101.34;-96.57;-107.14;-111.85;-99.6;-96.76;-103.34;-105.89;-100.34;-96.71;-94.5;-90.06;-97.33;-101.8;-101.32;-101.21;-108.54;-95;-99.86;-106.65
55.8;-109.72;-102.56;-103.93;-97.97;-100.74;-91.62;-84.03;-81.37;-76.86;-84.02;-97.41;-100.79;-96.24;-105.88;-102.36;-107.53;-115.24;-99.6;-95.79;-97.35;-95.61;-86.45;-81.74;-78.34;-71.65;-80.37;-88.03;-88.44;-90.7;-103.2;-93.18;-103.21;-112.21;-103.14;-94.33;-93.11;-95.62;-101.18;-90.46;-86.64;-83.19;-78.02;-82.28;-91.85;-96.63;-92.92;-100.06;-92.99;-104.18;-105.83;-96.08;-94.93;-100.4;-102.28;-98.69;-94.77;-92.51;-87.97;-95.72;-101.29;-99.38;-99.76;-108.58;-94.38;-95.74;-107.35
55.9;-111.83;-99.82;-99.41;-98.52;-101.75;-91.91;-84.46;-80.09;-75.43;-85.56;-92.45;-97.26;-95.42;-107.01;-98.23;-100.03;-112.11;-100.54;-95.2;-98.29;-95.26;-84.9;-82.23;-77.55;-72.53;-80.05;-89.67;-89.43;-90.95;-108.03;-93.52;-100.14;-106.24;-105.5;-94.22;-93.04;-96.21;-99.63;-91.93;-85.88;-81.78;-78.53;-84.12;-92.63;-96.47;-93.07;-98.25;-91.97;-103.23;-106.86;-95.18;-93.17;-100.66;-103.44;-99.25;-95.32;-92.52;-88.66;-94.83;-103.21;-99.42;-99.07;-109.21;-92.97;-96.28;-106.68
56;-114.98;-100.81;-100.02;-102.21;-105.72;-92.86;-86.35;-80.47;-78.68;-84.88;-92.84;-107.31;-95.9;-104.38;-101.55;-108.92;-112.41;-101.51;-97.22;-98.01;-94.87;-87.25;-83.55;-78.44;-72.64;-79.23;-89.95;-90.06;-91.44;-106.04;-99.11;-108.24;-117.52;-105.22;-95.09;-94.37;-97.43;-101.01;-90.59;-87.07;-84.29;-78.95;-83.44;-91.18;-96.01;-91.85;-101.55;-91.85;-104.2;-108.82;-98.22;-94.58;-101.73;-100.5;-97.2;-94.43;-92.91;-87.52;-95.97;-104.7;-100.56;-98.88;-111.22;-96.42;-98.66;-111.06
56.1;-109.83;-105.08;-102.33;-103.68;-105.18;-93.87;-86.44;-82.16;-78.79;-84.17;-93.67;-97.81;-97.91;-107.24;-101.38;-117.96;-112.89;-101.24;-98.19;-99.99;-93.27;-86.54;-82.47;-77.91;-74.78;-80.91;-89.36;-92.11;-93.42;-101.25;-95;-106.02;-119.72;-106.18;-96.97;-95.37;-96.03;-99.78;-93.71;-86.36;-82.82;-78.77;-85.06;-94.2;-97.9;-94.44;-98.71;-95.47;-108.47;-113.02;-98.48;-95.17;-102.9;-101.07;-99.91;-96.73;-93.05;-89.24;-96.73;-103.59;-100.6;-99.03;-111.26;-95.66;-98.19;-113.12
56.2;-116.84;-106.18;-111.4;-104.14;-107.3;-95.73;-88.78;-85.45;-82.18;-87.43;-99.15;-106.39;-100.21;-110.65;-101.77;-111.12;-114.98;-104.99;-98.95;-101.13;-97.1;-89.65;-85.58;-81.18;-76.65;-83.94;-93.38;-93.83;-95.73;-106.05;-100.71;-112.61;-121.59;-112.95;-99.32;-100.35;-101.87;-102.44;-94.4;-90.56;-85.37;-82.68;-87.5;-96.32;-100.37;-98.59;-103.04;-96.62;-113.29;-115.65;-99.52;-98.44;-104.96;-106.04;-102.36;-99.3;-96.69;-91.23;-98.06;-106.86;-104.85;-102.31;-116.61;-97.77;-101.52;-121.57
56.3;-116.54;-112.16;-108.18;-109.58;-105.93;-99.7;-93.71;-88.91;-82.44;-93.49;-98.65;-103.75;-108.53;-109.13;-104.47;-110.33;-116.91;-112.98;-102.2;-106.14;-100.92;-92.02;-87.64;-82.6;-77.96;-86.77;-93.46;-96.85;-99.49;-105.87;-101.37;-111.53;-122.96;-114.6;-101.75;-101.1;-101.62;-105.15;-98.25;-91.89;-89.22;-84.54;-89.82;-99.26;-102.68;-99.67;-104.99;-99.55;-114.81;-118.37;-103.43;-100.27;-109.7;-108.76;-103.74;-101.02;-98.33;-94.22;-100.87;-108.24;-106.43;-105.04;-122.03;-100.73;-106.34;-122.84
56.4;-121.81;-114.76;-113.47;-109.55;-112.25;-100.28;-95.1;-89.61;-86.55;-93.62;-101.44;-109.05;-104.42;-114.42;-114.8;-128.25;-119.83;-110.81;-105.19;-108.96;-101.1;-96.18;-91.96;-88.19;-83.14;-88.23;-97.81;-98.37;-100.67;-116.68;-106.15;-119.85;-125.68;-118.65;-105.12;-106.94;-108.36;-108.43;-101.01;-95.72;-92.61;-88.77;-95.25;-100.98;-103.99;-102.16;-107.4;-104.59;-116.37;-122.39;-107.68;-103.02;-113.86;-110.79;-106;-104.71;-101.42;-96.21;-104.26;-112.66;-112.7;-107.45;-126.38;-103.63;-109.76;-130.16
56.5;-125.46;-119.78;-114.31;-110.31;-114.17;-104.29;-96.51;-92.69;-87.62;-93.74;-105.34;-107.97;-107.37;-117.01;-110.71;-116.88;-130.55;-111.6;-109.23;-108.28;-104.02;-96.92;-92.65;-89.95;-81.84;-91.78;-100.33;-100.79;-105.89;-114.7;-106.74;-118.67;-129.47;-120.4;-108.15;-104.31;-106.46;-110.29;-104.63;-97.14;-93.28;-88.98;-97.44;-105.18;-105.76;-103.99;-109.01;-103.64;-115.45;-128.63;-109.1;-105.99;-113.09;-111.28;-108.28;-107.56;-104.5;-98.39;-106.06;-112.58;-112.95;-110.96;-119.97;-105.7;-114.48;-125.83
56.6;-124.22;-119.77;-116.53;-112.85;-115.2;-104.27;-98.88;-93.81;-91.28;-95.16;-105.52;-109.38;-112.08;-118.23;-112.03;-123.86;-135.87;-114.68;-108.54;-113.75;-105.5;-99.29;-97.02;-90.74;-85.52;-92.99;-100.99;-104.44;-103.58;-111.43;-109.13;-122.24;-126.84;-123.69;-109.23;-107.07;-111.14;-111.54;-103.93;-98.67;-95.23;-91.34;-97.71;-106.68;-106.75;-107.53;-112.77;-107.03;-120.4;-132.53;-110.94;-110.18;-115.13;-113.01;-111.27;-109.96;-104.99;-101.66;-106.35;-114.77;-113.07;-110.85;-120.12;-107.07;-118.42;-125.1
56.7;-123.63;-127.38;-112.34;-111.45;-112.97;-104.71;-98.85;-98.18;-87.89;-101.03;-105.88;-112.15;-110.52;-121.3;-115.56;-118.97;-133.76;-118.31;-109.41;-112.21;-106.19;-100.04;-95.18;-89;-84.48;-92.63;-102.66;-104.66;-105.24;-111.93;-107.42;-119.33;-125.67;-124.41;-109.47;-105.47;-109.34;-111.29;-104.89;-100.4;-94.6;-90.5;-99.04;-109.11;-105.95;-105.01;-110.82;-109.37;-120.85;-127.45;-110.84;-109.74;-118.37;-112.86;-111.32;-109.81;-107.19;-99.81;-110.34;-116.44;-112.5;-112.54;-120;-108.07;-120.03;-121.48
56.8;-132.81;-122.19;-111.08;-111.03;-108.97;-100.75;-94.31;-89.26;-86.5;-92.69;-102.15;-107.73;-108.24;-119.48;-114.82;-117.57;-128.8;-112.69;-105.91;-108.98;-100.77;-96.59;-92.73;-88.64;-81.53;-89.27;-97.28;-98.73;-102.4;-110.92;-107.64;-124.07;-121.63;-124.21;-110.64;-102.98;-105.96;-107.63;-100.43;-95.7;-90.68;-87.86;-96.26;-104.98;-104.75;-102.76;-107.64;-107.7;-125.14;-133.64;-109.37;-106.2;-113.83;-110.42;-105.32;-106.35;-102.73;-97.18;-104.09;-111.09;-110.35;-109.44;-116.71;-107.18;-121.55;-119.36
56.9;-121.64;-115;-107.05;-108.8;-106.59;-99.97;-96.94;-91.17;-88.02;-96.26;-105.92;-106.13;-104.86;-123.25;-111.46;-118.89;-126.44;-110.45;-105.19;-106.54;-102.13;-95.43;-91.37;-85.69;-79.02;-90.62;-99.11;-100.27;-99.31;-106.81;-109.13;-125.2;-116.68;-119.55;-110.72;-100.97;-105.8;-107.49;-99.75;-95.88;-90.68;-85.98;-95.69;-104.53;-101.26;-100.8;-106.76;-103.03;-114.94;-129.13;-108.21;-103.9;-112.61;-108.88;-105.97;-106.23;-103.52;-98.07;-104.74;-111.79;-110.21;-107.95;-111.46;-105.82;-120.82;-115.01
57;-120.23;-109.78;-109.72;-106;-104.35;-95.79;-89.22;-84.75;-81.5;-89.73;-100.5;-107.93;-103.88;-109.08;-106.74;-114.74;-123.54;-114.67;-104.94;-105.57;-99.07;-93.95;-89.83;-83.99;-76.41;-84.48;-93.86;-94.48;-95.03;-103.51;-103.41;-120.13;-114.94;-122.71;-107.95;-99.03;-101.42;-104.06;-95.51;-91.16;-91.18;-86.42;-91.89;-104.25;-102.03;-98.88;-104.1;-102.76;-114.53;-128.53;-107.07;-102.21;-108.63;-110.42;-106.45;-107.8;-101.57;-93.93;-100.74;-109.04;-105.32;-103.9;-113.44;-104.19;-127.2;-110.49
57.1;-128.89;-109.02;-105.75;-104.65;-105.51;-96.15;-91.7;-85.01;-82.95;-90.2;-98.66;-102.73;-100.56;-118.35;-106.3;-122.79;-115.86;-114.65;-102.68;-105.02;-98.9;-92.95;-90.01;-82.72;-75.58;-84.78;-94.47;-93.57;-95.01;-104.3;-104.65;-116.34;-116.84;-121.85;-108.15;-98.59;-102.6;-104.21;-96.38;-92.58;-87.02;-82.58;-93.25;-102.95;-100.7;-97.24;-102.77;-104.1;-124.38;-117.45;-107.66;-103.78;-108.29;-108.94;-102.61;-104.46;-101.68;-93.84;-101.28;-110.15;-105.9;-104.03;-108.86;-103.82;-118.81;-110.66
57.2;-117.64;-106.93;-101.87;-104.63;-102.6;-92;-86.42;-82.35;-76.52;-85.73;-99.63;-98.82;-101.41;-105.23;-105.22;-109.62;-111.53;-106.35;-98.53;-98.35;-94.75;-88.5;-83.81;-79.86;-72.42;-80.98;-88.33;-91.07;-92.4;-101.22;-99.89;-113.97;-110.15;-113.52;-104.4;-96.4;-96.2;-96.69;-92.9;-87.11;-82.89;-81.16;-87.68;-98.69;-98.61;-92.45;-98.09;-99.33;-112.1;-113.55;-102.05;-98.21;-101.88;-103.52;-100.67;-100.58;-99.5;-90.18;-97.13;-104.78;-103.02;-99.54;-94.02;-99.17;-121.51;-104.18
57.3;-115.31;-105.66;-100.79;-102.85;-103.61;-92.38;-86.17;-82.93;-78.89;-86.71;-97.9;-101.97;-98.51;-109.02;-106.89;-112.48;-119.36;-109.94;-98.98;-100.7;-95.32;-88.46;-86.31;-81.66;-73.66;-82.4;-90.84;-91.25;-90.35;-101.71;-99.43;-107.44;-111.81;-110.87;-104.44;-94.46;-98.02;-100.64;-91.82;-89.18;-84.4;-80.71;-87.37;-96.52;-100.87;-93.85;-99.65;-98.55;-120.86;-133.08;-103.54;-98.46;-107.59;-105.21;-99.37;-104.14;-96.4;-89.77;-97.99;-105.78;-103.51;-101.16;-106.36;-98.05;-112.98;-104.44
57.4;-123.18;-106.25;-102.14;-103.32;-102.21;-92.78;-88.14;-85.6;-78.92;-88.5;-98.13;-101.83;-103.12;-108.31;-108.99;-119.19;-119.29;-108.78;-101.63;-103.7;-94.82;-91.69;-85.24;-79.58;-73.29;-81.17;-91.68;-91.19;-93.75;-99.88;-99.74;-108.11;-108.29;-111.93;-107.17;-96.05;-96.97;-100.33;-92.21;-88.53;-84.37;-81.12;-86.7;-97.59;-101.25;-94.52;-100.46;-100.92;-119.7;-131.04;-104.2;-99.23;-108.21;-106.36;-100.75;-102.73;-98.71;-91.81;-99.32;-108.39;-104.77;-101.55;-106.43;-98.79;-116.5;-103.85
57.5;-117.23;-108.45;-103.56;-103.45;-104.65;-93.41;-87.02;-83.34;-79.7;-86.72;-98.2;-100.4;-100.35;-110.42;-104.46;-118.33;-116.04;-116.7;-101.19;-103.56;-95.63;-88.68;-85.58;-82.4;-74.72;-81.64;-91.9;-92.82;-94;-101.51;-101.78;-115.1;-107.47;-106.41;-106.58;-98.94;-99.53;-100.8;-94.6;-89.48;-86.39;-82.2;-88.6;-97.25;-100.33;-95.99;-100.29;-101.22;-127.41;-119.08;-108.16;-99.45;-108.58;-108.42;-102.67;-100.66;-99.13;-92.62;-99.84;-105.32;-105.07;-102.05;-106.71;-99.18;-119.24;-102.71
57.6;-113.16;-109.11;-109.24;-100.33;-105.8;-93.6;-89.38;-87.9;-80.39;-87.19;-99.04;-104.34;-99.99;-105.91;-103.21;-110.97;-117;-108.6;-99.24;-100.38;-96.07;-90.48;-86.3;-81.7;-75.46;-83.29;-92.39;-92.86;-95.07;-99.16;-97.54;-109.49;-110.66;-103.76;-108.42;-101.44;-99.26;-101.16;-94.37;-89.05;-85.35;-81.49;-86.76;-97.68;-98.86;-95.55;-100;-102.1;-123.85;-115.8;-109.46;-100.13;-108.05;-109.18;-102.82;-100.15;-99.04;-90.52;-99.21;-106.53;-105.34;-102.3;-112.25;-97.03;-115.84;-103.74
57.7;-113.56;-111.68;-107.05;-105.27;-102.99;-94.94;-89.48;-86.13;-82.34;-89.42;-98.6;-107.82;-103.96;-107.58;-109.92;-114.73;-119.27;-116.28;-104.45;-108.25;-100.07;-91.74;-89.01;-82.64;-78.58;-85.81;-97.26;-96.33;-93.82;-104.81;-101.67;-113.35;-112.62;-104.52;-111.91;-99.03;-101.64;-102.76;-96.24;-93.1;-88.24;-85.32;-89.39;-99.83;-102.59;-99.67;-103.86;-105.97;-124.69;-128.96;-110.31;-101.42;-114.23;-110.81;-107.16;-103.7;-99.78;-93.58;-103.37;-113.59;-107.97;-105.85;-113.22;-101.69;-128.61;-106.2
57.8;-113.34;-115.92;-109.78;-107.92;-108.16;-99.65;-95.71;-90.16;-85.52;-92.46;-100.86;-109.61;-111.09;-114.34;-112.37;-122.78;-134.51;-127.26;-108.77;-109.28;-100.98;-96.6;-91.96;-87.3;-80.37;-87.51;-101.31;-99.84;-99.59;-107.31;-106.42;-125.06;-112.66;-108.78;-113.47;-103.66;-104.73;-105.3;-99.18;-95.75;-91.56;-87.57;-92.21;-101.36;-110.63;-102.68;-108.11;-109.99;-141.41;-124.18;-119.95;-106.83;-116.51;-113.74;-111.45;-106.23;-103.37;-98.86;-105.78;-112.82;-110.83;-110.44;-113.16;-105.24;-118.35;-109.7
57.9;-113.82;-119.71;-112.12;-113.1;-109.74;-100.42;-94.17;-90.24;-87.54;-92.7;-103.46;-106.95;-110.79;-113.65;-112.78;-120.65;-122.34;-140.34;-108.44;-110.11;-100.75;-96.19;-91.43;-87.22;-81.54;-87.61;-99.88;-101.39;-99.59;-110.08;-108.67;-126.96;-115.66;-108.3;-114.86;-106.16;-108.26;-106.54;-101.49;-95.93;-92.23;-88.1;-93.88;-103.22;-105.41;-102.66;-107.19;-110.78;-121.88;-121.9;-116.99;-106.89;-116.85;-111.15;-112.01;-106.82;-104.08;-98.99;-105.91;-114.35;-112.6;-109.45;-113.3;-106.13;-117.5;-111.35
58;-116.02;-117.22;-110.93;-113.79;-108.96;-102.48;-96.91;-90.53;-87.96;-94.35;-103.47;-108.92;-107.37;-112.34;-113.15;-130.96;-126.43;-146.19;-109.6;-110.46;-101.6;-94.84;-92.28;-87.46;-81.99;-89.42;-99.41;-101.61;-101.02;-108.54;-108.57;-127.15;-116.93;-108.13;-114.53;-106.2;-108.04;-109.32;-101.21;-95.98;-92.41;-88.1;-92.96;-101.45;-109.38;-103.02;-107.15;-110.31;-127.94;-120.07;-125.87;-107.96;-116.55;-113.19;-112.15;-106.96;-103.53;-98.27;-107.22;-114.74;-113.4;-110.64;-114.98;-109.25;-121.45;-116.16
58.1;-113.21;-118.46;-112.95;-115.96;-113.85;-102.66;-96.11;-94.03;-88.04;-94.53;-104.45;-116.53;-111.54;-113.69;-116.22;-123.76;-122.08;-126.39;-110.26;-116.41;-105.34;-99.27;-98.45;-90.59;-83.97;-91.12;-102.01;-101.69;-101.79;-112.78;-111.41;-120.24;-119.69;-108.26;-118.34;-109.12;-108.94;-109.61;-102.22;-97.74;-94.5;-90.53;-95.43;-103.51;-112.26;-106.68;-109.42;-115.16;-121.37;-123.94;-126.62;-108.59;-116.66;-113.16;-114.66;-107.65;-106.1;-99.21;-108.96;-117.01;-115.48;-111.18;-116.15;-109.81;-128.35;-119.69
58.2;-112.55;-118.33;-110.05;-126.66;-107.05;-101.29;-96.6;-91.97;-91.11;-95.93;-101.79;-112.34;-108.03;-110.12;-114.71;-119.3;-122.01;-120.07;-108.12;-114.21;-101.15;-96.71;-93.41;-87.97;-81.13;-89.1;-100.88;-100.84;-100.79;-112.01;-108.01;-131;-121.96;-106.54;-116.37;-107.93;-111.3;-107.25;-101.61;-96.18;-91.65;-88.89;-93.69;-102.28;-109.17;-103.46;-108.23;-111.69;-118.7;-115.36;-121.16;-107.34;-121.29;-109.05;-110.83;-106.15;-102.59;-97.95;-107.29;-113.16;-113.44;-109.81;-111.98;-108.89;-124.34;-114.83
58.3;-106.84;-109;-104.23;-113.6;-104.32;-94.6;-89.42;-84.34;-80.33;-89.75;-98.72;-109.14;-103.41;-107.28;-110.96;-115.57;-125.19;-115.47;-103.88;-106.41;-97.72;-91.98;-87.4;-81.5;-75.84;-83.36;-94.18;-96.48;-95.45;-106.84;-106.16;-113.38;-111.39;-101.1;-113;-100.71;-106.48;-101.86;-94.92;-91.17;-87.44;-83.52;-88.09;-95.87;-105.27;-97.49;-102.63;-108.45;-113.01;-118.6;-120.75;-101.84;-112.3;-107.37;-105.49;-100.75;-98.13;-93.37;-101.47;-109.85;-107.28;-104.33;-107.29;-103.12;-120.07;-107.1
58.4;-111.76;-114.89;-106.39;-113.92;-103.64;-100.27;-93.19;-87.7;-85.12;-90.39;-99.13;-117.32;-103.39;-107.73;-111.89;-124.17;-121.71;-116.26;-106.45;-108.03;-98.26;-91.81;-89.13;-84.94;-78.83;-85.87;-95.72;-97.5;-99.05;-106.64;-112.81;-114.23;-113.81;-106.35;-125.39;-103.88;-108.59;-103.18;-97.89;-93.28;-89.49;-84.84;-90.39;-97.9;-107.16;-101.65;-105.89;-110.7;-115.39;-115.18;-115.99;-105.88;-114.63;-108.1;-105.29;-102.28;-100.2;-95.04;-102.84;-111.89;-110.07;-108.5;-110.36;-113.14;-113.56;-108.35
58.5;-111.26;-115.01;-105.24;-110.96;-104.93;-97.44;-92.22;-87.96;-83.17;-89.94;-98.36;-109.86;-102.13;-106.43;-112.11;-117.26;-116.23;-110.9;-105.34;-110.73;-96.79;-92.58;-89.51;-82.48;-77.37;-84.8;-94.04;-98.78;-97.08;-106.43;-111.65;-108.32;-108.35;-104.98;-121.03;-101.44;-111.49;-100.48;-96.71;-91.51;-87.07;-83.22;-90.34;-97.82;-105.12;-99.82;-104.3;-107.85;-112.02;-117.24;-115.08;-103.28;-111.11;-104.99;-104.07;-102.78;-99.47;-93.21;-100.87;-111.01;-107.68;-107.98;-108.59;-116.39;-106.57;-105.4
58.6;-107.77;-113.27;-104.04;-105.41;-100.24;-93.61;-86.84;-81.94;-78.63;-84.81;-93.48;-104.45;-99.77;-101.57;-104.14;-130.27;-114.1;-111.58;-99.32;-104.09;-92.42;-86.01;-83.68;-76.46;-72.5;-79.74;-90;-93.12;-92.85;-101.03;-105.94;-103.3;-102.46;-99.08;-113.85;-97.08;-107.33;-96.96;-92.79;-88.64;-82.45;-79.62;-85.09;-92.22;-97.1;-94.57;-100.07;-100.98;-111.59;-108.76;-109.24;-99.02;-108.22;-99.85;-98.71;-96.44;-92.41;-88.3;-96.79;-103.34;-106.96;-101.38;-103.54;-110.58;-100.21;-100.61
58.7;-109.91;-109.57;-96.89;-109.85;-96.76;-92.79;-88.68;-83.2;-79.05;-85.2;-95.04;-102.65;-100.09;-101.86;-103.94;-112.45;-112.48;-106.93;-99.14;-103.83;-92.05;-87.4;-83.33;-78.92;-72.86;-80.27;-88.52;-93.43;-90.51;-100.34;-102.68;-100.51;-100.35;-101.45;-111.1;-94.85;-104.07;-95.26;-90.77;-86.74;-83.05;-78.89;-85.88;-93;-98.23;-95.45;-98.79;-103.52;-104.21;-114.24;-108.21;-97.77;-109.79;-100.21;-98.71;-100.09;-94.71;-88.63;-96.59;-102.86;-103.55;-99.35;-102.85;-108.32;-99.29;-97.74
58.8;-117.32;-116.7;-103.04;-111.42;-102.95;-98.74;-91.81;-86.46;-83.15;-90.09;-102.53;-107.66;-101.12;-106.05;-110.69;-125.3;-116.23;-115.07;-102.59;-109.67;-96.11;-91.77;-88.7;-83.26;-77.51;-85.67;-95.82;-98.11;-98.77;-104.28;-113.65;-105.01;-104.96;-108.19;-113.29;-100.86;-106.18;-101.41;-96.13;-93.22;-87.49;-83.83;-92.51;-98.05;-101.66;-99.58;-100.21;-104.28;-110.1;-113.55;-109.96;-102.26;-110.14;-103.15;-102.93;-102.12;-98.78;-93.38;-100.8;-107.24;-109.88;-104.06;-107.77;-110.87;-102.06;-100.67
58.9;-115.82;-117.59;-105.48;-112.1;-102.91;-96.16;-90.76;-85.29;-81.6;-88.4;-96.15;-107.28;-103.31;-103.23;-110.63;-121.99;-115.8;-110.14;-101.93;-109.36;-94.68;-91.61;-87.37;-82.21;-76.06;-83.57;-93.06;-97.22;-96;-101.12;-103.71;-105.49;-104.97;-107.78;-106.38;-100.26;-105.87;-100.55;-95.31;-90.77;-86.52;-82.52;-89.43;-96.58;-100.74;-98.19;-99.63;-104.24;-110.99;-117.18;-108.66;-102.28;-109.66;-102.2;-102.7;-102.43;-99.98;-92.1;-100.18;-105.8;-108.94;-103.57;-106.93;-106.03;-99.25;-100.72
59;-116;-116.78;-100.16;-109.07;-98.14;-92.25;-86.92;-82.3;-77.94;-85.47;-94.54;-103;-98.69;-103.14;-112.82;-123.57;-115.48;-113.2;-99.15;-106.16;-91.88;-89.64;-85.96;-77.38;-74.02;-80.85;-89.79;-94.23;-91.75;-99.1;-99.99;-99.55;-100.97;-106.61;-100.29;-94.8;-101.09;-96.82;-92.27;-89.19;-83.89;-79.62;-87.68;-95.81;-99.19;-96.98;-99.65;-103.04;-111.7;-108.29;-107.55;-98.44;-108.63;-100.08;-98.43;-98.81;-95.46;-90.45;-98.54;-102.91;-104.51;-98.28;-103.12;-101.12;-93.69;-95.83
59.1;-115.74;-116.55;-102.36;-105.72;-103.17;-94.82;-88.06;-84.22;-79.1;-87.62;-94.19;-99.28;-101.42;-105.03;-111.37;-121.11;-118.15;-113.51;-102.37;-105.91;-93.8;-89.64;-85.07;-80.51;-74.88;-81.9;-90.87;-95.25;-96.11;-100.4;-102.93;-102.96;-104.33;-109.9;-102.4;-96.9;-101.6;-98.61;-94.25;-90.32;-84.53;-81.02;-89.68;-95.49;-99.2;-97.4;-100.34;-103.95;-107.21;-116.27;-110.05;-102.4;-110.03;-102.89;-102.31;-103.93;-98.07;-92.14;-101.08;-107.46;-108.15;-102.19;-107.16;-102.24;-96.88;-99.19
59.2;-114.07;-117.39;-105.67;-107.31;-103.06;-96.86;-91.66;-85.32;-83.08;-89.21;-99.89;-104.14;-103.04;-108;-114.47;-123.2;-117.49;-118.18;-104.28;-105.34;-97.21;-93.21;-88.62;-83.34;-76.48;-86.28;-94.3;-98.78;-99.24;-103.07;-102.94;-104.27;-105.29;-111.2;-103.61;-98.36;-103.43;-99.37;-96.45;-92.94;-88.28;-83.7;-93.93;-101.6;-101.48;-99.77;-100.62;-105.74;-109.72;-112.43;-108.7;-102.67;-111.14;-105.48;-103.31;-105.88;-102.93;-94;-100.9;-107.89;-109.04;-103.21;-108.55;-104.53;-97.9;-101.33
59.3;-109.33;-109.46;-98.26;-105.03;-98.22;-92.46;-88.19;-83.59;-78.55;-87.3;-95.44;-100.11;-101.15;-103.78;-110.68;-120.3;-111.58;-110.01;-100.29;-102.02;-93.84;-89.54;-86.25;-79.67;-72.84;-80.49;-89.22;-92.14;-94.41;-98.07;-99.78;-101.68;-102.82;-103.13;-98.66;-95.51;-100.66;-95.74;-92.54;-88.41;-84.14;-80.69;-88.2;-96.42;-100.87;-96.61;-97.31;-102.1;-107.05;-108.31;-106.3;-100.13;-106.64;-101.8;-100.68;-102.43;-98.62;-90;-96.75;-104.39;-105.57;-100.22;-104.39;-98.19;-94.32;-99.01
59.4;-109.24;-114.74;-105.5;-106.06;-101.99;-96.85;-88.9;-84.45;-79.83;-87.83;-97.56;-100.63;-100.7;-106.74;-123.25;-113.51;-112.83;-109.54;-103.33;-103.38;-94.44;-91.4;-86.46;-81.88;-75.82;-83.33;-92;-95.35;-95.46;-98.74;-102.06;-107.36;-108.29;-103.83;-100.2;-99.24;-103.07;-98.11;-94.3;-90.31;-86.26;-81.78;-89.31;-97.95;-100.54;-98.81;-99.49;-103.67;-104.42;-111.32;-108.11;-101.98;-109.76;-103.26;-103.85;-104.55;-100.11;-92.4;-98.65;-108.37;-107.58;-102.23;-105.08;-100.94;-97.44;-102.83
59.5;-110.85;-124.51;-107.83;-112.77;-103.58;-97.54;-90.72;-88.73;-83.27;-91.03;-99.7;-104.82;-106;-106.88;-111.95;-113.01;-119.99;-116.49;-102.57;-106.28;-97.16;-93.34;-88.62;-83.82;-75.68;-84.99;-94.67;-97.58;-99.15;-102.18;-103.9;-105.87;-109.89;-107.4;-104.27;-100.06;-107.25;-101.23;-96.21;-92.73;-88.12;-83.74;-92.4;-100.72;-103.55;-100.56;-101.21;-104.99;-106.39;-116.22;-110.48;-102.82;-111.44;-108.57;-105.11;-107.51;-101.86;-95.69;-101.07;-110.33;-110.21;-104.22;-106.05;-103.41;-100.22;-106.73
59.6;-106.17;-111.83;-99.69;-116.38;-100.2;-93.7;-85.46;-82.29;-78;-85.19;-96.95;-100.89;-102.46;-103.58;-119.48;-111.73;-117.14;-112.2;-99.94;-100.6;-93.94;-89.79;-85.68;-80.62;-73.54;-81.54;-90.91;-93.45;-93.42;-100.58;-99.93;-103.12;-109.49;-103.63;-100.05;-96.09;-104.68;-96.88;-92.9;-89.42;-83.79;-80.02;-86.73;-97.01;-101.09;-96.95;-96.02;-100.92;-110.69;-109.84;-105.14;-99.5;-105.37;-104.49;-101.59;-102.27;-98.79;-91.87;-96.91;-107.42;-105.84;-100.87;-102.4;-99.19;-97.52;-106.9
59.7;-108.04;-116.93;-98.04;-113.51;-99.55;-91.93;-86.49;-81.67;-77.93;-84.76;-91.38;-105.67;-100.16;-101.98;-111.09;-107.23;-116.94;-106.74;-98.1;-98.88;-93.98;-88.99;-84.77;-79.04;-72.03;-80.45;-89.26;-92.03;-92.51;-99.39;-101.1;-104.06;-130.8;-99.13;-97.16;-94.47;-101.82;-95.98;-90.12;-86.92;-81.86;-79.36;-84.88;-94.7;-100.1;-94.02;-94.63;-99.13;-106.36;-104.66;-103.68;-97.6;-106.4;-102.17;-99.27;-99.07;-95.29;-89.49;-94.76;-104.03;-104.06;-99.31;-100.29;-98.55;-95.77;-112.24
59.8;-107.21;-118.59;-112.91;-110.06;-105.89;-97.13;-92.72;-86.83;-83.66;-91.08;-100.68;-108.92;-104.98;-108.81;-115.67;-113.12;-115.65;-114.4;-103.61;-103.82;-98.84;-92.65;-89.03;-83.18;-77.12;-84.29;-94.58;-96.7;-98.32;-100.74;-105.45;-114.94;-117.74;-104.7;-103.47;-101.33;-105.87;-101.44;-95.7;-92.63;-88.7;-83.84;-89.37;-98.57;-104.31;-100.32;-99.97;-104.33;-111.49;-113.51;-107.96;-102.2;-110.21;-107.19;-105.07;-103.87;-100.51;-95.07;-100.47;-109.48;-109.57;-104.88;-105.9;-102.3;-104.3;-123.75
59.9;-108.07;-119.53;-108.79;-112.16;-105.72;-97.33;-91.91;-87.25;-82.64;-90.2;-100.87;-106.55;-105.34;-108.27;-113.83;-119.91;-120.87;-115.73;-103.89;-105.72;-98.13;-94.84;-89.3;-83.75;-77.04;-86.29;-95.88;-97.38;-97.65;-102.29;-103.78;-115.83;-116.65;-107.5;-105.18;-100.96;-105.27;-103.25;-96.65;-93.16;-88.26;-84.06;-89.8;-98.65;-106.62;-101.28;-100.45;-103.6;-115.97;-112.62;-108.23;-102.49;-112.84;-108.3;-104.89;-104.04;-100.83;-95.6;-102.13;-110.83;-109.67;-105.28;-107.37;-102.8;-106.07;-117.64
60;-109.91;-120.2;-109.97;-108.99;-102.97;-96.01;-92.08;-86.87;-82.57;-89.79;-96.43;-115.39;-102.25;-106.96;-107.8;-111.3;-120.06;-116.25;-102.3;-104.6;-96.89;-92.24;-88.06;-83.58;-77.59;-83.31;-94.29;-96.15;-96.92;-99.59;-104.5;-115.94;-111.28;-104.24;-104.25;-99.36;-103.72;-100.49;-95.38;-91.63;-86.76;-83.51;-88.76;-97.84;-106.12;-98.96;-98.41;-102.58;-109.08;-112.88;-107.29;-100.9;-110.63;-106.71;-103.84;-101.95;-99.28;-93.98;-99.79;-107.2;-107.53;-104.54;-106.12;-103.37;-104.87;-109.47
60.1;-109.5;-114.62;-107.63;-105.58;-99.46;-93.45;-89.58;-84.63;-79.9;-87.37;-96.98;-101.22;-105.3;-105.05;-113.59;-109.28;-122.03;-118.39;-101.91;-103.99;-95.17;-91.29;-87.13;-80.45;-74.94;-82.69;-92.01;-95.05;-94.43;-101.41;-102.42;-115.71;-107.1;-105.93;-107.65;-98.22;-103.18;-98.75;-93;-89.61;-86.06;-81.86;-86.29;-94.96;-105.91;-98.76;-98.68;-103.32;-113.86;-112.45;-107.13;-100.79;-109.94;-107.63;-104.04;-100.5;-96.32;-91.81;-98.6;-105.42;-105.61;-102.63;-106.91;-103.14;-111.73;-106.49
60.2;-112.29;-113.79;-108.26;-110.75;-103.71;-98.1;-91.43;-87.58;-83.67;-90.41;-99.96;-110.47;-105.9;-109.05;-113.74;-111.62;-115.55;-119.96;-102.83;-109.62;-98.24;-92.21;-89.33;-86.23;-79.91;-85.41;-96.54;-97.87;-97.96;-103.49;-111.94;-115.24;-108.37;-110.74;-110.64;-101.9;-106.79;-102.45;-96.16;-93.03;-88.42;-84.93;-89.44;-97.98;-105.31;-101.04;-100.89;-105.02;-111.97;-115.51;-113.18;-102.47;-113.48;-106.6;-105.33;-101.7;-99;-94.91;-102.01;-109.59;-109.5;-108.02;-108.43;-106.65;-120.82;-106.09
60.3;-109.34;-108.11;-105.83;-107.46;-100.5;-95.59;-90.28;-85.32;-82.73;-88.74;-93.9;-106.95;-109.01;-103.54;-114.2;-111.1;-122.69;-114.45;-101.33;-105.86;-94.86;-91.86;-88.13;-83.2;-75.69;-83.66;-93.4;-95.68;-95.4;-97.95;-105.04;-111.06;-103.3;-110.4;-112.84;-100.89;-103.8;-100.12;-95.17;-90.59;-86.72;-82.55;-87.94;-95.45;-106.52;-99.33;-98.99;-103.38;-111.55;-115.28;-109.62;-100.66;-111.65;-105.79;-103.55;-102.33;-99.15;-93.37;-100.65;-108.32;-111.09;-106.46;-105.49;-103.89;-111.82;-102.32
60.4;-111.7;-109.97;-106.79;-111.42;-100.53;-96.65;-92.5;-86.95;-81.93;-88.43;-100.05;-107.53;-106.22;-105.72;-119.07;-113.57;-115.93;-117.09;-101.53;-105.55;-96.75;-90.25;-88.92;-83.03;-75.96;-83.94;-94.72;-98.48;-96.75;-99.76;-105.78;-110.23;-104.76;-115.07;-124.12;-97.9;-108.44;-99.51;-95.35;-91.86;-87.49;-83.36;-88.55;-95.25;-107.14;-101.03;-100.07;-104.24;-116.88;-109.85;-111.07;-102.2;-113.2;-105.56;-105.41;-103.19;-99.57;-94.25;-100;-108.38;-111.98;-110.11;-106.04;-106.49;-114.56;-103.77
60.5;-119.4;-116.68;-110.86;-112.98;-104.04;-98.61;-94.83;-89.39;-85.46;-91.19;-99.6;-110.17;-110.73;-110.33;-115.91;-113.33;-127.2;-122.42;-106.91;-112.21;-100.68;-94.62;-90.63;-86.27;-79.99;-87.62;-97.44;-101.36;-99.39;-106.53;-109.53;-112.21;-107.83;-121.71;-120.6;-102.06;-111.05;-102.58;-99.44;-94.77;-90.28;-87.7;-91.68;-98.79;-107.59;-104.28;-103.43;-109.38;-118.53;-131.1;-121.76;-105.54;-117.48;-109.17;-107.66;-105.07;-102.62;-97.74;-103.28;-111.6;-113.66;-111.99;-109.6;-109.54;-113.54;-107.92
60.6;-124.24;-112.75;-107.98;-114.31;-104.26;-97.65;-95.77;-90.3;-85.86;-92.48;-100.25;-106.1;-110.56;-111;-117.67;-112.41;-116.04;-118.4;-104.83;-112.14;-98.19;-94.39;-92.53;-87.15;-80.26;-86.81;-98.53;-101.88;-99.16;-104.56;-112.36;-110.76;-106.9;-124.24;-113.52;-102.27;-114.28;-102.63;-97.84;-95.25;-91.54;-86.1;-92.63;-98.6;-109.01;-105.03;-103.66;-108.88;-119.15;-118.31;-116.98;-104.49;-117.67;-107.3;-106.05;-106.66;-101.69;-97.95;-104.12;-111.79;-117.79;-114.15;-107.69;-111.37;-110.12;-105.08
60.7;-109.87;-104.16;-103.86;-107.74;-96.39;-90.98;-86.06;-81.98;-78.11;-85;-93.99;-103.95;-100.18;-102.25;-110.93;-106.91;-112.75;-111.56;-97.84;-103.57;-91.88;-87.25;-85.74;-79.41;-72.22;-79.31;-89.5;-94.17;-91.3;-94.66;-101.36;-104.21;-100.52;-110.25;-104.3;-94.91;-102.66;-95.4;-91.28;-87.42;-83.38;-80.75;-85.6;-93.3;-99.75;-96.2;-96.17;-101.13;-111.02;-119.4;-108.3;-98.21;-107.55;-99.73;-100.14;-102.42;-94.32;-89.26;-94.94;-103.82;-109.5;-104.56;-95.9;-101.98;-100.11;-96.67
60.8;-110.66;-108.61;-108.93;-108.59;-98.92;-95.49;-89.91;-85.75;-80.63;-87.71;-97.25;-108.87;-105.14;-105.55;-114.34;-107.16;-115.23;-115.58;-100.22;-106.6;-93.55;-90.31;-88.28;-82.1;-76.47;-83.87;-92.48;-99.19;-93.51;-98.7;-101.77;-104.95;-102.89;-110.44;-107.82;-99.86;-105.97;-98.22;-93.76;-90.92;-86.63;-81.33;-89.46;-95.47;-101.99;-98.73;-99.84;-103.67;-112.46;-113.11;-110.98;-100.09;-112.63;-101.53;-101.23;-102.26;-97.69;-92.02;-97.83;-106.36;-113.24;-106.58;-104.68;-106.58;-102.75;-101.97
60.9;-114.29;-112.14;-106.98;-117.45;-103.38;-96.56;-92.58;-86.93;-84.3;-92.34;-99.84;-116.37;-106.12;-108.37;-110.38;-109.37;-113.21;-116.77;-103.35;-108.5;-95.05;-91.57;-89.43;-83.08;-76.28;-83.37;-93.45;-101.02;-96.42;-104.65;-107.06;-105.18;-106.15;-112.18;-108.92;-101.67;-110.18;-100.61;-97.48;-92.89;-86.97;-84.08;-91.31;-98.18;-103.43;-100.26;-99.19;-104.98;-108.8;-124.36;-115.46;-101.28;-111.94;-103.52;-103.19;-104.6;-99.55;-92.4;-99.42;-107.36;-116.52;-109;-106.05;-108.15;-105.56;-102.75
61;-107.36;-108.62;-102.62;-108.04;-98.48;-95.97;-89.35;-83.44;-80.41;-88.2;-97.19;-103.05;-106.17;-104.26;-113.87;-107.72;-114.45;-111.5;-99.85;-106.92;-92.15;-90.22;-88.17;-82.8;-75.53;-82.53;-91.66;-99.64;-95.61;-96.89;-106.21;-102.99;-102.46;-102.54;-102.76;-97.78;-107.17;-95.72;-93.79;-89.79;-84.72;-82.51;-89.11;-96.07;-104.84;-97.08;-96.33;-103.3;-110.28;-107.09;-108.89;-100.65;-109.25;-100.94;-102.69;-105.84;-100.61;-92.29;-98.07;-107.72;-112.12;-103.96;-102.1;-103.13;-100.19;-100.7
61.1;-106.48;-109.05;-105.68;-110.21;-99.38;-96.53;-89.42;-85.29;-83.02;-88.24;-95.96;-107.53;-106.94;-107.83;-117.52;-114.84;-109.42;-113.36;-102.43;-107.61;-94.27;-90.17;-89.89;-81.13;-75.35;-82.25;-93.17;-99.69;-94.45;-98.53;-104.73;-108.25;-107.89;-102.06;-105.52;-99.35;-105.21;-98.02;-95.22;-92.55;-87.85;-81.78;-91.67;-96.09;-105.14;-99.27;-98.86;-106.33;-110.42;-114.83;-116.16;-101.8;-113.2;-103.5;-103.25;-105.1;-99.08;-92.93;-99.69;-107.44;-113;-108.14;-102.34;-102.76;-102.6;-103.83
61.2;-106.95;-110.6;-102.7;-108.84;-99.11;-95.17;-90.42;-85.58;-81.67;-88.6;-98.69;-104.37;-106.91;-104.18;-113;-115.08;-118.9;-112.82;-102.27;-105.58;-93.53;-92.25;-90.93;-82.79;-76.76;-84.21;-93.22;-100.48;-96.32;-99.68;-105.27;-105.96;-106.56;-102.37;-105.89;-98.37;-107.09;-97.12;-95.76;-91.75;-87.37;-84.85;-91.15;-98.46;-104.29;-99.54;-98.84;-108.6;-110.76;-109.81;-115.37;-102.55;-110.25;-103.24;-103.24;-106.95;-102.72;-92.69;-100.74;-108.12;-111.56;-108.31;-104.07;-104.89;-102.26;-104.72
61.3;-107.21;-113.22;-109.12;-111.33;-100.7;-95.3;-92.14;-85.49;-81.91;-90.4;-98.21;-108.42;-106.85;-106.47;-112.48;-110.94;-117.03;-118.27;-103.65;-109.34;-94.58;-92.02;-91.38;-82.71;-78.16;-83.56;-93.83;-100.04;-96.39;-98.01;-106.54;-111;-110.46;-101.19;-109.06;-101.19;-110.47;-98.45;-95.61;-93.47;-86.49;-82.36;-91.94;-96;-105.17;-99.05;-97.56;-107.09;-108.34;-118.17;-116.46;-103.42;-109.51;-101.81;-104.17;-109.6;-101.19;-93.36;-101.85;-106.94;-113.77;-107.26;-104.4;-105.9;-104.74;-107.55
61.4;-103.46;-113.05;-105.12;-107.12;-95.56;-92.56;-86.5;-81.17;-78.77;-86.74;-93.99;-99.78;-102.26;-100.71;-109.71;-106.67;-112.62;-108.64;-98.97;-100.51;-89.55;-91;-89.64;-79.33;-72.01;-79.37;-88.72;-96.99;-90.04;-94.75;-100.34;-105.24;-104.82;-96.64;-105.43;-95.1;-104.73;-93.34;-91.62;-88.18;-83.7;-80.68;-86.65;-95.25;-99.56;-96.81;-94.09;-105.01;-107.88;-109.52;-112.4;-98.91;-106.06;-99.43;-100.89;-105.44;-98.08;-89.62;-97.66;-103.84;-105.29;-100.83;-102.78;-100.93;-99.5;-107.38
61.5;-107.64;-123.02;-104.8;-118.78;-101.88;-95.7;-94.29;-87.94;-85.25;-90.4;-99.69;-106.47;-111.75;-106.31;-115.93;-115.42;-119.37;-118.3;-106.54;-106.39;-96.31;-94.23;-91.27;-84.19;-78.22;-85.19;-94.28;-103.17;-97.29;-101.16;-111.99;-110.11;-112.56;-102.64;-111.52;-98.22;-110.75;-97.72;-96.6;-95.42;-88.6;-84.18;-92.71;-100.01;-105.53;-102.31;-99.2;-112.26;-110.4;-118.72;-118.55;-105.72;-109.79;-105.07;-105.57;-106.33;-100.86;-95.89;-102.69;-109.49;-110.29;-105.71;-106.84;-108.02;-107.86;-112.06
61.6;-110.88;-120.15;-110.31;-117.32;-103.85;-100.9;-95.17;-87.92;-84.86;-92.26;-100.95;-104.65;-111.86;-105.89;-114.76;-117.25;-115.44;-115.77;-107.18;-107.55;-98.46;-96.63;-92.1;-85.81;-77.91;-86.13;-96.09;-103.03;-100.7;-104.25;-111.15;-112.87;-118.59;-105.19;-114.58;-102.76;-111.26;-100.78;-99.32;-94.46;-91.66;-86.77;-91.75;-99.77;-104.35;-103.86;-102.14;-115.03;-114.14;-114.15;-124.48;-106.46;-110.24;-107.92;-107.71;-109.06;-101.48;-95.78;-105.73;-113.13;-112.92;-108.05;-107.06;-109.96;-109.82;-119.8
61.7;-103.39;-114.73;-102.86;-109.03;-97;-93.86;-92.94;-84.45;-80.08;-87.76;-95.39;-102.09;-103.42;-105.44;-109.17;-109.9;-116.05;-118.3;-102.41;-100.62;-93.41;-92.95;-90.47;-83.06;-73.67;-82.98;-90.8;-102.89;-94.33;-96.27;-115.25;-110.11;-112.89;-100.02;-109.81;-95.5;-107.61;-95.7;-93.75;-90.04;-85.96;-81.65;-88.91;-95.78;-101.48;-98.73;-97.82;-108.53;-107.5;-118.75;-116.31;-100.65;-105.46;-102.26;-102.04;-106.87;-98.04;-91.57;-99.23;-105.47;-106.74;-102.83;-100.29;-106.92;-105.11;-115.33
61.8;-105.51;-117.64;-106.05;-106.95;-100.67;-95.03;-90.24;-86.24;-81.19;-87.56;-95.26;-101.53;-111.15;-104.36;-118.59;-111.64;-114.53;-114.52;-104.57;-102.33;-92.7;-92.78;-88.12;-82.62;-75.66;-81.8;-90.91;-100.72;-95.13;-97.53;-106.95;-108.51;-111.31;-98.77;-115.2;-96.7;-105.71;-97.38;-95.65;-91.54;-85.21;-81.74;-87.6;-96.15;-102.85;-102.78;-96.82;-116.39;-110.46;-108.25;-114.48;-103.45;-108.02;-103.12;-105.46;-104.78;-97.71;-91.25;-100.6;-105.96;-109.88;-104.16;-103.16;-106.23;-104.47;-111.47
61.9;-109.59;-120.43;-109.45;-113.65;-103.68;-101.57;-93.94;-90.59;-84.59;-91.75;-101.85;-108.45;-110.84;-106.42;-113.64;-111.96;-116.65;-117.81;-105.44;-104.77;-100.16;-97.63;-91.79;-85.69;-78.08;-86.13;-94.6;-104.99;-101.12;-101.11;-115.36;-115.36;-117.23;-104.69;-119.62;-100.23;-108.23;-99.46;-97.73;-93.91;-91.22;-85.73;-90.51;-98.43;-104.88;-106.7;-99.66;-117.61;-111.37;-117.14;-114.38;-107.92;-111.95;-106.69;-107.81;-107.99;-101.72;-97.43;-103.03;-108.88;-113.22;-106.8;-105.05;-113.16;-109.34;-110.49
62;-108.98;-116.26;-108.81;-110.67;-103.83;-97.61;-92.07;-90.5;-84.88;-90.27;-99.33;-105.1;-113.97;-107.66;-116.56;-121.38;-119.12;-113.07;-106.63;-102.63;-96.28;-95.99;-91.75;-83.85;-78.8;-85.63;-95.11;-101.03;-99.22;-99.16;-114.28;-107.69;-115.85;-103.54;-114.15;-98.76;-107.61;-99.94;-97.88;-93.84;-88.27;-84.06;-89.66;-96.78;-103.81;-105.31;-99.99;-122.01;-111.48;-115.09;-114.78;-106.47;-107.52;-106.9;-107.46;-106.43;-100.98;-93.84;-102.66;-107.95;-113.67;-108.76;-104.16;-114.76;-109.18;-106.62
62.1;-108.29;-118.77;-105.71;-110.04;-100.68;-96.46;-90.87;-85.75;-82.38;-88.58;-96.76;-102.79;-109.36;-104.32;-114.19;-113.99;-112.58;-111.8;-103.95;-100.69;-96.46;-95.31;-90.01;-82.41;-77.67;-83.5;-92.5;-100.91;-101.85;-97.81;-132.85;-106.28;-112.48;-105.09;-110.21;-100.77;-105.13;-97.14;-95.61;-92.33;-89.35;-84.51;-87.63;-95.44;-101.43;-106.49;-98.93;-120.23;-113.53;-111.3;-110.31;-104.19;-108.31;-105.2;-105.36;-104.7;-99.6;-94.25;-102.43;-109.68;-112.12;-105.16;-104.32;-117.03;-105.31;-104.13
62.2;-111.44;-113.17;-108.48;-111.07;-103.34;-99.63;-93.21;-88.76;-83.62;-90.64;-99.89;-105.25;-111.96;-107.91;-118.17;-112.75;-123.66;-114.45;-106.84;-103.35;-95.79;-95.51;-90.95;-84.03;-76.11;-85.88;-94.62;-101.7;-100.49;-98.44;-118.25;-106.56;-111.65;-107.15;-108.63;-102.18;-106.8;-99.87;-97.51;-94.22;-87.99;-83.55;-89.84;-96.3;-102.4;-108.98;-99.89;-120.02;-107.88;-114.46;-113.28;-105.79;-109.45;-107.67;-105.45;-105.64;-100.96;-95.75;-102.38;-108.94;-115.66;-106.78;-103.88;-118.64;-107.21;-104.47
62.3;-113.61;-112.27;-106.3;-108.64;-100.54;-97.16;-93.51;-85.83;-82.42;-88.62;-95.61;-102.34;-110.25;-105.57;-121.33;-117.26;-112.01;-108.93;-107.55;-101.53;-95.99;-93.57;-87.89;-82.09;-77.75;-83.75;-91.97;-99.97;-99.48;-98.01;-111.67;-106.12;-110.24;-109.65;-106.95;-100.77;-103.06;-97.58;-96.41;-92.14;-86.63;-85.17;-88.15;-94.77;-101.08;-107.39;-98.73;-116.71;-108.18;-110.33;-108.83;-106.87;-107.8;-106.43;-105.78;-106.58;-99.13;-94.26;-100;-107.98;-113.34;-106.53;-102.05;-121.62;-106.92;-102.12
62.4;-107.65;-107.14;-99.66;-106.03;-95.83;-94.32;-89.04;-84.71;-78.86;-86.91;-92.85;-101.93;-108.48;-103.87;-112.43;-106.8;-113.63;-107.73;-104.62;-97.09;-93.34;-90.78;-85.53;-79;-74.34;-80.12;-90.14;-97.4;-98.07;-94.78;-108.35;-100.22;-104.66;-106.33;-101.76;-98.27;-101.3;-94.28;-92.05;-89.74;-86.16;-79.55;-84.76;-90.77;-97.32;-104.9;-94.94;-113.49;-101.92;-112.13;-105.51;-102.44;-104.11;-102.05;-101.74;-100.87;-95.78;-90.94;-97.3;-107.02;-110.56;-104.07;-97.37;-121.73;-99.98;-98.68
62.5;-110.97;-102.99;-103.23;-101;-95.62;-91.17;-87.9;-83;-77.31;-83.13;-91.82;-100.85;-107.26;-102.02;-117.43;-107.99;-110.26;-107.29;-102.84;-97.03;-91.17;-89.08;-84.26;-77.32;-71.96;-78.41;-88.36;-93.74;-97.81;-92.94;-108.68;-98.36;-103.02;-109.6;-98.59;-97;-96.67;-93.66;-92.2;-86.75;-82.45;-79.37;-83.62;-90.48;-96.93;-104.85;-94;-109.59;-103.61;-104.56;-103.34;-102.66;-102.23;-100.98;-100.24;-99.83;-92.84;-88.81;-95.69;-104;-109.16;-102.53;-99.1;-110.76;-97.57;-97.44
62.6;-129.97;-109.36;-107.7;-105.54;-99.83;-97.98;-90.97;-86.24;-80.99;-87.32;-96.36;-107.11;-108.61;-106.63;-115.01;-113.08;-112.95;-108.76;-109.18;-99.48;-97.01;-91.63;-88.41;-82.46;-74.94;-81.6;-91.43;-100.15;-102.17;-96.03;-112.24;-102.32;-108.38;-122.11;-101.88;-101.87;-100.12;-98.11;-94.51;-91.16;-88.25;-81.7;-87.05;-93.75;-99.53;-109.13;-98.49;-109.28;-106.87;-103.74;-104.44;-106.15;-109.48;-103.33;-102.94;-103.23;-95.98;-92.72;-98.66;-106.07;-113.22;-108.19;-103.3;-112.45;-99.04;-101.8
62.7;-121.58;-108.33;-105.64;-101.48;-98.64;-94.69;-90.54;-84.51;-80.96;-86.93;-94.91;-103.1;-110.3;-104.25;-112.57;-109.54;-110.25;-106.94;-108;-96.89;-94.06;-90.14;-86.61;-79.94;-76.42;-80.75;-92.21;-96.27;-99.74;-97.68;-107.76;-99.23;-104.5;-107.66;-101.7;-99.88;-99;-97.42;-94.04;-90.88;-84.34;-80.41;-87.22;-92.32;-98.22;-107.73;-96.74;-106.72;-102.54;-110.7;-103.07;-106.75;-106.12;-103.5;-102.05;-103.46;-96.44;-90.14;-98.16;-105.84;-110.05;-109.61;-103.33;-111.53;-96.86;-101.79
62.8;-106.07;-100.42;-99.8;-100.35;-91.6;-87.07;-84.39;-79.86;-72.92;-80.32;-88.02;-97.21;-103.26;-99.07;-112.65;-113.69;-111.07;-101.1;-103.65;-90.89;-87.9;-85.45;-82.42;-73.38;-68.51;-75.56;-84.68;-90.31;-96.22;-90.49;-103.56;-95.45;-102.19;-102.72;-93.43;-95.07;-93.78;-90.58;-87.12;-85.34;-78.8;-74.32;-80.57;-88.48;-93.46;-100.41;-91.18;-99.16;-98.93;-100.75;-96.78;-100.44;-99.16;-98.19;-96.18;-96.6;-89.5;-86.56;-91.16;-101.19;-104.39;-104.32;-97.71;-104.25;-89.57;-97.37
62.9;-106.75;-105.25;-104.74;-101.26;-98.29;-92.53;-86.44;-81.59;-77.19;-84.52;-91.6;-101.06;-104.61;-102.35;-109.82;-106.68;-114.67;-106.24;-105.89;-94.64;-91.39;-88.96;-83.72;-77.84;-72.54;-78.77;-88.07;-93.18;-98.38;-96.19;-107.71;-99.62;-106.04;-100.74;-95.9;-99.08;-97.33;-95.32;-92.17;-88.96;-82.59;-77.39;-85.86;-91.81;-95.73;-100.17;-93.45;-102.78;-100.37;-102.56;-100.01;-103.07;-101.74;-98.84;-98.56;-100.42;-94.39;-89.26;-94.46;-102.36;-108.46;-108.86;-100.6;-103.85;-94.89;-101.51
63;-108.29;-110.75;-104.94;-105.44;-98.14;-95.18;-90.83;-84.52;-80.37;-87.6;-96.4;-104.15;-106.74;-103.35;-114.93;-111.38;-113.65;-107.02;-109.35;-98.9;-95.27;-90.96;-88.2;-80.72;-75.37;-82.31;-91.4;-97.98;-101.92;-98.42;-107.73;-104.22;-112.18;-105.18;-100.82;-102.72;-99.67;-97.57;-93.51;-91.53;-85.28;-80.47;-87.78;-93.96;-99.98;-102.79;-99.23;-104.76;-106.51;-106.14;-102.48;-107.41;-105.21;-102.48;-101.98;-105.28;-96.81;-91.53;-97.44;-107.17;-109.8;-111.74;-106.16;-105.05;-95.46;-108.88
63.1;-99.23;-100.38;-98.36;-100.2;-91.6;-86.54;-83.8;-78.07;-72.56;-80.16;-88.45;-95.74;-106.12;-97.01;-106.53;-104.24;-107.79;-99.46;-105.8;-88.71;-87.01;-84.84;-80.44;-73.84;-67.97;-74.57;-83.03;-88.06;-92.48;-89.5;-103.32;-97.51;-105.97;-92.33;-93.25;-99.42;-92.76;-90.9;-87.15;-84.76;-78.72;-74.79;-83.1;-87.75;-91.52;-96.85;-91.97;-95.62;-96.39;-109.11;-98.69;-100.8;-98.71;-94.27;-95.21;-96.41;-90.59;-82.75;-89.63;-96.83;-100.43;-104.21;-97.91;-96.67;-89.09;-106.9
63.2;-103.08;-106.58;-114.93;-103.93;-96.29;-92.36;-87.77;-83.31;-77.57;-84.85;-91.33;-101.72;-107.55;-102.68;-109.84;-105.87;-107.99;-104.49;-106.5;-97.02;-92.8;-88.9;-86.83;-78.46;-74.03;-79.83;-87.69;-95.66;-95.63;-94.12;-104.31;-103.28;-112.59;-97.47;-99.36;-104.47;-96.59;-94.47;-91.55;-89.08;-82.63;-78.82;-86.38;-92.44;-100.1;-100.46;-96.38;-102.67;-102.09;-103.23;-102.3;-105.19;-102.37;-100.28;-101.09;-102.94;-96.24;-89.91;-95.11;-102.69;-105.25;-107.46;-100.25;-101.79;-94.11;-116.8
63.3;-109.5;-117.12;-107.46;-109.65;-101.03;-97.07;-90.31;-86.26;-82.71;-89.93;-95.13;-106.47;-110.45;-105.07;-119.11;-111.53;-114.69;-107.17;-110.15;-100.34;-96.38;-93.14;-91;-82.7;-77.37;-83.44;-91.09;-98.14;-99.36;-100.98;-105.67;-107.9;-112.29;-101.86;-101.18;-106.96;-101.48;-99.26;-97.35;-93.34;-86.97;-83.19;-90;-97.38;-102.68;-103.92;-100.92;-107.72;-105.31;-115.15;-106.24;-109.24;-107.68;-101.63;-105.61;-107.69;-103.16;-94.33;-99.41;-107.53;-110.25;-110.2;-104.65;-107.93;-99.64;-111.49
63.4;-99.48;-103.63;-103.82;-102.05;-94.91;-90.42;-86.49;-79.22;-76.29;-84.31;-90.37;-99.3;-99.81;-102.83;-107.68;-106.8;-106.92;-105.38;-113.36;-94.68;-90.18;-86.88;-85.94;-75.55;-70.34;-77.35;-85.34;-94.68;-97.55;-94.83;-104.59;-104;-102.53;-98.6;-99.75;-100.27;-93.22;-91.51;-91.08;-86.71;-81.04;-78.12;-85.15;-90.14;-92.18;-98.08;-93.72;-97.85;-101.55;-113.6;-96.68;-107.37;-101.97;-96.14;-98.69;-105.34;-94.19;-86.71;-94.49;-101.94;-103.05;-102.83;-97.58;-102.14;-93.43;-102.99
63.5;-100.82;-108.13;-101.84;-102.05;-93.83;-90.26;-85.84;-80.45;-76.24;-82.87;-89.85;-100.37;-104.31;-99.49;-108.81;-107.44;-112.34;-101.06;-106.2;-94.83;-89.7;-88.46;-85.06;-77.95;-69.76;-76.34;-84.3;-92.61;-92.99;-95.46;-101.3;-103.83;-106.66;-95.07;-98.31;-99.68;-95.31;-92.69;-90.93;-87.03;-80.31;-77.15;-84.87;-88.73;-98.1;-96.07;-95.53;-96.89;-97.86;-101.96;-100.34;-103.1;-100.49;-95.92;-99.33;-101.73;-96.31;-85.72;-92.89;-97.92;-104.1;-103.59;-97.16;-102.27;-95.27;-103.48
63.6;-104.14;-111.03;-103.73;-107.1;-96.97;-93.49;-89.73;-82.52;-79.23;-88.61;-93.85;-98.82;-106.45;-101.92;-112.52;-106.83;-110.39;-104.39;-109.03;-99.06;-92.95;-89.99;-86.88;-80.15;-73.38;-80.52;-90.01;-96.63;-97.66;-97.79;-105.3;-103.52;-104.29;-98.34;-100.58;-101.24;-100.2;-94.46;-93.58;-89.31;-84.37;-81.48;-87.97;-92.88;-98.77;-100.04;-98.49;-102.1;-102.9;-103.38;-103.29;-107.44;-102.48;-99.71;-103.59;-106.5;-100.93;-91.24;-95.96;-103.34;-110.03;-106.51;-100.33;-106.24;-98.43;-104.62
63.7;-113.03;-111.77;-116.49;-110.55;-104.23;-101.42;-96.91;-91.65;-86.67;-95.18;-101.93;-106.71;-119.22;-110.75;-115.65;-113.51;-115.53;-110.58;-114.59;-104.08;-99.2;-97.41;-95.44;-88.02;-80.78;-87.28;-96.83;-107.06;-104.45;-103;-123.38;-121.67;-115.25;-106.22;-106.19;-109.63;-105.93;-101.98;-100.01;-97;-93.31;-87.03;-94.7;-101.16;-106.47;-106.93;-103.84;-106.46;-108.31;-122.54;-108.66;-112.94;-109.03;-106.2;-110.99;-114.49;-106.79;-98.57;-104.05;-110.24;-119.05;-116.05;-105.28;-117.73;-110.15;-107.77
63.8;-106.62;-107.65;-103.76;-102.06;-94.89;-91.1;-86.87;-81.27;-76.92;-84.22;-90.9;-96.06;-104.97;-100.33;-105.75;-105.33;-110.49;-102.24;-105.76;-95.52;-89.69;-88.86;-86.25;-79.36;-71.13;-77.48;-86.67;-95.71;-94.47;-94.26;-105.54;-106.41;-101.88;-98.12;-101.17;-98.86;-99.49;-91.85;-91.33;-86.55;-82.23;-77.22;-84.94;-92.09;-95.69;-97.33;-96.2;-97.67;-99.41;-111.59;-101.17;-106.87;-99.67;-98.74;-103.35;-103.19;-97.36;-89.13;-94.24;-101.66;-109.07;-103.93;-97.72;-107.82;-100.12;-96.91
63.9;-109.59;-104.29;-103.77;-107.16;-94.98;-94.39;-91.4;-84.08;-79.51;-86.49;-94.41;-99.44;-106.34;-102.34;-108.31;-105.47;-111.16;-105.19;-107.85;-98.47;-93.24;-91.93;-89.08;-81.4;-74.42;-81.67;-88.7;-98.21;-95.42;-97.18;-114.31;-103.54;-105.56;-104.17;-99.34;-102.35;-103.72;-95.38;-94.97;-91.26;-85.27;-82.33;-87.28;-93.44;-101.32;-100.58;-98.95;-100.82;-101.91;-108.97;-101.01;-107.77;-103.47;-101.11;-104.9;-104.15;-100.1;-93.91;-96.87;-105.42;-115.16;-107.57;-100;-110.77;-101.12;-98.5
64;-119.92;-107.69;-115.37;-112.58;-102.67;-99.97;-94.35;-88.79;-84.35;-91.8;-99.11;-105.9;-113.61;-106.64;-115.65;-112.08;-119.97;-107.45;-113.96;-103.4;-98.51;-97.53;-92.61;-84.99;-79.69;-86.65;-95.09;-105.57;-103.54;-100.12;-119.45;-109.84;-108.38;-109.41;-104.27;-110.37;-108.72;-99.99;-99.79;-95.78;-91.38;-85.65;-92.1;-99.57;-102.62;-107.74;-104.28;-106.14;-108.22;-108.43;-107.43;-112.19;-107.17;-108.08;-113.73;-108.59;-102.87;-99.16;-104.38;-108.63;-116.22;-111.63;-103.46;-117.81;-106.95;-102.61
64.1;-109.86;-102.91;-109.65;-104.02;-99.06;-96.77;-91.48;-84.18;-80.95;-87.77;-95.5;-99.8;-109.93;-101.44;-106.63;-106.64;-109.39;-105.35;-111.5;-98.83;-94.52;-92.65;-89.13;-82.71;-74.43;-82.3;-91.16;-102.25;-100.06;-97.48;-107.53;-101.96;-105.03;-111;-98.45;-103.82;-101.15;-94.94;-95.21;-91.87;-85.47;-83.76;-86.36;-93.26;-98.78;-102.09;-98.2;-100.91;-103.57;-104.65;-99.36;-106.56;-100.34;-102.9;-106.54;-102.86;-98.99;-91.98;-98.65;-106.55;-111.52;-107.66;-100.18;-109.84;-101.58;-100.37
64.2;-126.93;-104.82;-106.93;-103.45;-97.51;-94.85;-92.4;-84.75;-80.41;-88.73;-94.94;-97.67;-102.8;-105.51;-109.93;-105.94;-104.52;-98.93;-111.43;-98.75;-93.74;-94.23;-90;-81.58;-76.11;-83.47;-89.58;-99.01;-98.26;-100.9;-106.16;-101.19;-103.76;-113.81;-100.71;-105.11;-100.77;-95.52;-95.74;-91.91;-86.46;-82.07;-86.32;-94.49;-100.51;-104.44;-100.11;-101.32;-101.91;-108.56;-104.35;-109.81;-103.97;-106.2;-108.87;-102.79;-99.25;-92.07;-99.95;-104.12;-110.99;-109.96;-100.43;-108.89;-99.39;-99.35
64.3;-111.71;-103.19;-112.54;-108.65;-97.06;-98.5;-93.61;-86.55;-82.63;-82.12;-94.8;-102.78;-92.63;-107.22;-100.16;-118.27;-107.67;-99.01;-108.27;-100.41;-97.04;-95.75;-93.01;-85.18;-76.05;-83.19;-91.86;-97.54;-103.88;-99;-83.86;-110.6;-110.01;-109.16;-100.63;-102.7;-103.31;-102.46;-96.17;-93.1;-87.01;-83.61;-89.86;-95.01;-99.22;-112.23;-98.44;-101.3;-106.29;-106.16;-97.01;-108.2;-101.31;-104.97;-106.95;-104.17;-96.08;-94.08;-100.07;-105.75;-110.69;-107.2;-105.24;-106.31;-100.46;-101.41
64.4;-105.51;-106.55;-110.5;-103.9;-98.66;-95.89;-90.31;-86.63;-81.94;-88.48;-94.94;-100.34;-113.07;-104.46;-111.13;-106.79;-111.93;-103.41;-107.82;-98.45;-94.7;-94.03;-89.61;-81.53;-77.01;-82.25;-92.83;-100.09;-99.33;-97.54;-104.36;-100.14;-106.42;-106.69;-97.8;-107.15;-100.18;-95.97;-95.44;-91.51;-84.2;-82.21;-86.95;-93.21;-99.52;-106.63;-99.19;-98.83;-102.99;-103.84;-103.11;-108.64;-102.26;-105.83;-108.86;-102.4;-98.69;-93.26;-99.86;-105.05;-112.92;-109.29;-101.7;-103.74;-97.41;-101.99
64.5;-99.46;-97.39;-103.42;-93.15;-89.75;-88.77;-82.71;-77.54;-73.34;-79.89;-87.61;-92.44;-104.46;-100.03;-103.47;-98.36;-111.27;-99.47;-103.58;-91.48;-85.92;-87.64;-81.76;-74.47;-67.35;-74.64;-81.48;-89.18;-94.03;-89.6;-99.65;-93.28;-102.87;-95.98;-90.42;-96.76;-91.5;-88.16;-86.75;-84.96;-78.26;-74.29;-78.8;-85.16;-89.46;-102.14;-91.23;-93.16;-98.44;-101.55;-93.42;-100.76;-93.68;-100.3;-99.21;-94.46;-90.08;-84.76;-92.42;-97.89;-100.93;-104.7;-92.98;-96.41;-90.06;-95.31
64.6;-98.15;-84.94;-71.76;-87.14;-89.92;-81.56;-79.62;-78.27;-70.61;-83.78;-86.59;-84.79;-99.51;-102.51;-95.63;-90.85;-102.33;-94.14;-94.42;-82.05;-85.49;-89.41;-85.15;-76.91;-67.29;-78.3;-71.98;-85.5;-84.59;-85.64;-91.15;-94.34;-78.75;-80.69;-72.05;-87.05;-80.96;-81.13;-89.29;-79.37;-75.6;-72.36;-78.66;-91.63;-88.48;-96.74;-93.14;-82.69;-68.98;-100.29;-90.37;-90.35;-89.93;-84.38;-87.03;-94.5;-93.37;-89.75;-84.48;-100.9;-83.68;-94.56;-78.84;-87.35;-92;-81.48
64.7;-105.85;-105.66;-114.52;-101.24;-96.98;-95.96;-89.62;-83.98;-79.32;-85.81;-93.95;-98.06;-108.18;-105.5;-105.76;-111.22;-112.11;-106.73;-110.71;-97.36;-93.05;-93.41;-88.55;-79.27;-75.26;-81.1;-90.08;-98.21;-101.46;-98.51;-102.19;-102.79;-115.84;-103.65;-98.38;-103.21;-99.65;-95.25;-94.35;-91.85;-85.57;-82.43;-86.57;-92.81;-98.63;-107.63;-98.92;-101.41;-104.03;-105.95;-102.06;-110.09;-102.18;-103.81;-107.43;-102.99;-96.88;-90.95;-98.9;-107.13;-112.86;-111.27;-103.94;-101.84;-97.06;-107.27
64.8;-104.06;-99.95;-106.51;-102.76;-97.47;-96.77;-88.75;-83.05;-81.62;-86.35;-95.75;-103.85;-111.3;-104.52;-110.25;-103.56;-118.66;-103.12;-108.48;-95.6;-94.91;-92.63;-87.6;-79.82;-72.59;-80.24;-90.89;-96.33;-106.96;-96.42;-102.39;-102.04;-113.97;-101.66;-97.5;-104.29;-99.26;-96.39;-94.36;-92.57;-84.85;-80.63;-86.68;-90.24;-95.69;-108.95;-97.07;-100.58;-102.84;-104.53;-101.4;-107.68;-100.86;-105.2;-105.83;-101.37;-97.11;-89.93;-96.7;-104.56;-108.77;-111.8;-102.2;-101.09;-94.62;-107.33
64.9;-104.83;-102.87;-108.98;-99.45;-96.34;-97.02;-89.57;-84.25;-78.67;-85.08;-90.91;-98.12;-115.82;-105.6;-106.25;-104.41;-111.45;-104.4;-112.18;-94.72;-94.86;-95.8;-89.15;-82.02;-75.45;-79.48;-89.3;-93.21;-104.85;-94.58;-103.5;-101.15;-113.31;-99.49;-96.37;-102.44;-96.23;-94.41;-93.1;-90.8;-84.66;-81.2;-86.51;-96.22;-96.73;-113.05;-97.12;-99.76;-103.58;-117.14;-102.46;-107.73;-103.32;-105.17;-106.75;-102.23;-95.53;-90.78;-96.69;-105.18;-106.59;-113.28;-101.17;-99.43;-95.72;-106.08
65;-108.17;-107.34;-108.42;-103.33;-95.51;-93.43;-90.02;-82.79;-79.39;-88.46;-93.56;-99.33;-111.95;-104.83;-105.09;-108.54;-107.86;-105.6;-108.39;-97.27;-92.87;-92.44;-86.03;-79.84;-73.27;-80.54;-89.66;-93.39;-102.3;-98.04;-103.18;-102.42;-116.99;-101.12;-95.81;-102.17;-99.06;-96.12;-97.8;-92.35;-86.47;-79;-86.75;-91.09;-95.11;-105.62;-98.14;-101.85;-107.13;-105.48;-102.99;-108.64;-101.63;-104.95;-105.81;-104.92;-96.94;-89.34;-95.9;-104.03;-108.66;-114.32;-101.28;-102.6;-97.07;-114.85
